id;comments;from_time;to_time
1;till dialect within;2024-09-15T09:00:50;2024-09-15T01:00:31
2;across ouch eek;2024-09-14T22:22:10;2024-09-14T18:12:13
3;gah priest answer;2024-09-14T17:46:23;2024-09-15T08:38:38
4;finally phooey drat;2024-09-14T18:00:30;2024-09-14T15:38:32
5;downplay with;2024-09-15T05:31:48;2024-09-14T17:57:57
6;astride;2024-09-14T18:27:37;2024-09-14T13:25:27
7;gracefully;2024-09-14T23:23:57;2024-09-14T12:49:53
8;whole like;2024-09-15T10:09:04;2024-09-14T21:33:02
9;gee um;2024-09-15T09:48:10;2024-09-15T04:17:49
10;serpentine via robe;2024-09-15T09:27:48;2024-09-15T05:11:34
